transaction_id,parent,parent_type,child,child_type,rel_type,date
2289-43_tr_01,Minister of Agriculture,cabinetMinister,Agriculture and Agrarian Insurance Board,department,AS_DEPARTMENT,2022-07-22
2289-43_tr_02,Minister of Agriculture,cabinetMinister,Ceylon Fertilizer Company Ltd.,department,AS_DEPARTMENT,2022-07-22
2289-43_tr_03,Minister of Agriculture,cabinetMinister,Colombo Commercial Fertilizer Company,department,AS_DEPARTMENT,2022-07-22
2289-43_tr_04,Minister of Agriculture,cabinetMinister,Department of Agrarian Development,department,AS_DEPARTMENT,2022-07-22
2289-43_tr_05,Minister of Agriculture,cabinetMinister,Department of Agriculture,department,AS_DEPARTMENT,2022-07-22
2289-43_tr_06,Minister of Agriculture,cabinetMinister,Department of Animal Production and Health,department,AS_DEPARTMENT,2022-07-22
2289-43_tr_07,Minister of Agriculture,cabinetMinister,Hector Kobbekaduwa Agrarian Research and Training Institute,department,AS_DEPARTMENT,2022-07-22
2289-43_tr_08,Minister of Agriculture,cabinetMinister,Institute of Post-Harvest Technology,department,AS_DEPARTMENT,2022-07-22
2289-43_tr_09,Minister of Agriculture,cabinetMinister,Lanka Phosphate Company Ltd.,department,AS_DEPARTMENT,2022-07-22
2289-43_tr_10,Minister of Agriculture,cabinetMinister,Mahaweli Livestock Enterprise Limited,department,AS_DEPARTMENT,2022-07-22
2289-43_tr_11,Minister of Agriculture,cabinetMinister,Milco (Pvt.) Ltd.,department,AS_DEPARTMENT,2022-07-22
2289-43_tr_12,Minister of Agriculture,cabinetMinister,National Agricultural Diversification and Settlement Authority,department,AS_DEPARTMENT,2022-07-22
2289-43_tr_13,Minister of Agriculture,cabinetMinister,National Fertilizer Secretariat,department,AS_DEPARTMENT,2022-07-22
2289-43_tr_14,Minister of Agriculture,cabinetMinister,National Hunger Eradication Campaign Board of Sri Lanka (National Food Promotion Board),department,AS_DEPARTMENT,2022-07-22
2289-43_tr_15,Minister of Agriculture,cabinetMinister,National Livestock Development Board and affiliated companies,department,AS_DEPARTMENT,2022-07-22
2289-43_tr_16,Minister of Agriculture,cabinetMinister,Paddy Marketing Board,department,AS_DEPARTMENT,2022-07-22
2289-43_tr_17,Minister of Agriculture,cabinetMinister,Sri Lanka Council for Agricultural Research Policy,department,AS_DEPARTMENT,2022-07-22
2289-43_tr_18,"Minister of Buddha Sasana, Religious and Cultural Affairs",cabinetMinister,Ape Gama,department,AS_DEPARTMENT,2022-07-22
2289-43_tr_19,"Minister of Buddha Sasana, Religious and Cultural Affairs",cabinetMinister,Buddhasasana Fund,department,AS_DEPARTMENT,2022-07-22
2289-43_tr_20,"Minister of Buddha Sasana, Religious and Cultural Affairs",cabinetMinister,Buddhist Renaissance Fund,department,AS_DEPARTMENT,2022-07-22
2289-43_tr_21,"Minister of Buddha Sasana, Religious and Cultural Affairs",cabinetMinister,Central Cultural Fund,department,AS_DEPARTMENT,2022-07-22
2289-43_tr_22,"Minister of Buddha Sasana, Religious and Cultural Affairs",cabinetMinister,Department of Archaeology,department,AS_DEPARTMENT,2022-07-22
2289-43_tr_23,"Minister of Buddha Sasana, Religious and Cultural Affairs",cabinetMinister,Department of Buddhist Affairs,department,AS_DEPARTMENT,2022-07-22
2289-43_tr_24,"Minister of Buddha Sasana, Religious and Cultural Affairs",cabinetMinister,Department of Christian Religious Affairs,department,AS_DEPARTMENT,2022-07-22
2289-43_tr_25,"Minister of Buddha Sasana, Religious and Cultural Affairs",cabinetMinister,Department of Cultural Affairs,department,AS_DEPARTMENT,2022-07-22
2289-43_tr_26,"Minister of Buddha Sasana, Religious and Cultural Affairs",cabinetMinister,Department of Hindu Religious and Cultural Affairs,department,AS_DEPARTMENT,2022-07-22
2289-43_tr_27,"Minister of Buddha Sasana, Religious and Cultural Affairs",cabinetMinister,Department of Muslim Religious and Cultural Affairs,department,AS_DEPARTMENT,2022-07-22
2289-43_tr_28,"Minister of Buddha Sasana, Religious and Cultural Affairs",cabinetMinister,Department of National Archives,department,AS_DEPARTMENT,2022-07-22
2289-43_tr_29,"Minister of Buddha Sasana, Religious and Cultural Affairs",cabinetMinister,Department of National Museums,department,AS_DEPARTMENT,2022-07-22
2289-43_tr_30,"Minister of Buddha Sasana, Religious and Cultural Affairs",cabinetMinister,Department of Public Trustee,department,AS_DEPARTMENT,2022-07-22
2289-43_tr_31,"Minister of Buddha Sasana, Religious and Cultural Affairs",cabinetMinister,Galle Heritage Foundation,department,AS_DEPARTMENT,2022-07-22
2289-43_tr_32,"Minister of Buddha Sasana, Religious and Cultural Affairs",cabinetMinister,Gramodaya Folk Arts Centre,department,AS_DEPARTMENT,2022-07-22
2289-43_tr_33,"Minister of Buddha Sasana, Religious and Cultural Affairs",cabinetMinister,J.R. Jayawardene Centre,department,AS_DEPARTMENT,2022-07-22
2289-43_tr_34,"Minister of Buddha Sasana, Religious and Cultural Affairs",cabinetMinister,Mahinda Rajapaksa National Tele Cinema Park,department,AS_DEPARTMENT,2022-07-22
2289-43_tr_35,"Minister of Buddha Sasana, Religious and Cultural Affairs",cabinetMinister,National Arts Council,department,AS_DEPARTMENT,2022-07-22
2289-43_tr_36,"Minister of Buddha Sasana, Religious and Cultural Affairs",cabinetMinister,National Film Corporation,department,AS_DEPARTMENT,2022-07-22
2289-43_tr_37,"Minister of Buddha Sasana, Religious and Cultural Affairs",cabinetMinister,National Performing Arts Theatre (Nelum Pokuna),department,AS_DEPARTMENT,2022-07-22
2289-43_tr_38,"Minister of Buddha Sasana, Religious and Cultural Affairs",cabinetMinister,Public Performance Board,department,AS_DEPARTMENT,2022-07-22
2289-43_tr_39,"Minister of Buddha Sasana, Religious and Cultural Affairs",cabinetMinister,S. W. R. D. Bandaranaike National Memorial Foundation,department,AS_DEPARTMENT,2022-07-22
2289-43_tr_40,"Minister of Buddha Sasana, Religious and Cultural Affairs",cabinetMinister,Tower Hall Theatre Foundation,department,AS_DEPARTMENT,2022-07-22
2289-43_tr_41,Minister of Defence,cabinetMinister,Api Wenuwen Api Fund,department,AS_DEPARTMENT,2022-07-22
2289-43_tr_42,Minister of Defence,cabinetMinister,Board of Investment of Sri Lanka,department,AS_DEPARTMENT,2022-07-22
2289-43_tr_43,Minister of Defence,cabinetMinister,Civil Security Department,department,AS_DEPARTMENT,2022-07-22
2289-43_tr_44,Minister of Defence,cabinetMinister,Coast Guard Department of Sri Lanka,department,AS_DEPARTMENT,2022-07-22
2289-43_tr_45,Minister of Defence,cabinetMinister,Colombo Lotus Tower Management Company (Pvt.) Limited,department,AS_DEPARTMENT,2022-07-22
2289-43_tr_46,Minister of Defence,cabinetMinister,Colombo Port City Economic Commission,department,AS_DEPARTMENT,2022-07-22
2289-43_tr_47,Minister of Defence,cabinetMinister,Defence Research and Development Centre,department,AS_DEPARTMENT,2022-07-22
2289-43_tr_48,Minister of Defence,cabinetMinister,Defence Services Command and Staff College,department,AS_DEPARTMENT,2022-07-22
2289-43_tr_49,Minister of Defence,cabinetMinister,Defence Services School,department,AS_DEPARTMENT,2022-07-22
2289-43_tr_50,Minister of Defence,cabinetMinister,Department of Immigration and Emigration,department,AS_DEPARTMENT,2022-07-22
2289-43_tr_51,Minister of Defence,cabinetMinister,Department of Meteorology,department,AS_DEPARTMENT,2022-07-22
2289-43_tr_52,Minister of Defence,cabinetMinister,Department of Multi-purpose Development Task Force,department,AS_DEPARTMENT,2022-07-22
2289-43_tr_53,Minister of Defence,cabinetMinister,Department of Registration of Persons,department,AS_DEPARTMENT,2022-07-22
2289-43_tr_54,Minister of Defence,cabinetMinister,Disaster Management Centre,department,AS_DEPARTMENT,2022-07-22
2289-43_tr_55,Minister of Defence,cabinetMinister,Industrial Technology Institute,department,AS_DEPARTMENT,2022-07-22
2289-43_tr_56,Minister of Defence,cabinetMinister,Information Technology Parks (Jaffna & Mannar),department,AS_DEPARTMENT,2022-07-22
2289-43_tr_57,Minister of Defence,cabinetMinister,Information and Communication Technology Agency and Allied Institutions,department,AS_DEPARTMENT,2022-07-22
2289-43_tr_58,Minister of Defence,cabinetMinister,Institute of National Security Studies,department,AS_DEPARTMENT,2022-07-22
2289-43_tr_59,Minister of Defence,cabinetMinister,Miloda Institute (Academy of Financial Studies),department,AS_DEPARTMENT,2022-07-22
2289-43_tr_60,Minister of Defence,cabinetMinister,National Authority for the implementation of Chemical Weapons Convention,department,AS_DEPARTMENT,2022-07-22
2289-43_tr_61,Minister of Defence,cabinetMinister,National Building Research Organization,department,AS_DEPARTMENT,2022-07-22
2289-43_tr_62,Minister of Defence,cabinetMinister,National Cadet Corps,department,AS_DEPARTMENT,2022-07-22
2289-43_tr_63,Minister of Defence,cabinetMinister,National Dangerous Drugs Control Board,department,AS_DEPARTMENT,2022-07-22
2289-43_tr_64,Minister of Defence,cabinetMinister,National Defence College,department,AS_DEPARTMENT,2022-07-22
2289-43_tr_65,Minister of Defence,cabinetMinister,National Defence Fund,department,AS_DEPARTMENT,2022-07-22
2289-43_tr_66,Minister of Defence,cabinetMinister,National Disaster Management Council,department,AS_DEPARTMENT,2022-07-22
2289-43_tr_67,Minister of Defence,cabinetMinister,National Disaster Relief Services Centre,department,AS_DEPARTMENT,2022-07-22
2289-43_tr_68,Minister of Defence,cabinetMinister,Office of the Chief of Defence Staff,department,AS_DEPARTMENT,2022-07-22
2289-43_tr_69,Minister of Defence,cabinetMinister,Rakna Arakshana Lanka Ltd.,department,AS_DEPARTMENT,2022-07-22
2289-43_tr_70,Minister of Defence,cabinetMinister,Ranaviru Seva Authority,department,AS_DEPARTMENT,2022-07-22
2289-43_tr_71,Minister of Defence,cabinetMinister,Sir John Kotelawala Defence University,department,AS_DEPARTMENT,2022-07-22
2289-43_tr_72,Minister of Defence,cabinetMinister,Sri Lanka Air Force,department,AS_DEPARTMENT,2022-07-22
2289-43_tr_73,Minister of Defence,cabinetMinister,Sri Lanka Army,department,AS_DEPARTMENT,2022-07-22
2289-43_tr_74,Minister of Defence,cabinetMinister,Sri Lanka Computer Emergency Readiness Team,department,AS_DEPARTMENT,2022-07-22
2289-43_tr_75,Minister of Defence,cabinetMinister,Sri Lanka Institute of Biotechnology (Pvt.) Ltd.,department,AS_DEPARTMENT,2022-07-22
2289-43_tr_76,Minister of Defence,cabinetMinister,Sri Lanka Institute of Nano Technology (Pvt.) Ltd.,department,AS_DEPARTMENT,2022-07-22
2289-43_tr_77,Minister of Defence,cabinetMinister,Sri Lanka Navy,department,AS_DEPARTMENT,2022-07-22
2289-43_tr_78,Minister of Defence,cabinetMinister,Sri Lanka Standards Institute,department,AS_DEPARTMENT,2022-07-22
2289-43_tr_79,Minister of Defence,cabinetMinister,Sri Lanka Telecom and its Subsidiaries and Allied Institutions,department,AS_DEPARTMENT,2022-07-22
2289-43_tr_80,Minister of Defence,cabinetMinister,State Intelligence Service,department,AS_DEPARTMENT,2022-07-22
2289-43_tr_81,Minister of Defence,cabinetMinister,Techno Park Development Company (Pvt.) Limited,department,AS_DEPARTMENT,2022-07-22
2289-43_tr_82,Minister of Defence,cabinetMinister,Telecommunication Regulatory Commission of Sri Lanka and Allied Institutions,department,AS_DEPARTMENT,2022-07-22
2289-43_tr_83,Minister of Education,cabinetMinister,"All State Universities, Postgraduate Institutions and other Institutions under the purview of University Grants Commission",department,AS_DEPARTMENT,2022-07-22
2289-43_tr_84,Minister of Education,cabinetMinister,Arthur C. Clarke Centre for Modern Technology,department,AS_DEPARTMENT,2022-07-22
2289-43_tr_85,Minister of Education,cabinetMinister,Buddhasravaka Bhikku University,department,AS_DEPARTMENT,2022-07-22
2289-43_tr_86,Minister of Education,cabinetMinister,Buddhasravaka Bhiksu University,department,AS_DEPARTMENT,2022-07-22
2289-43_tr_87,Minister of Education,cabinetMinister,Buddhist and Pali University of Sri Lanka,department,AS_DEPARTMENT,2022-07-22
2289-43_tr_88,Minister of Education,cabinetMinister,Ceylon German Technical Training Institute,department,AS_DEPARTMENT,2022-07-22
2289-43_tr_89,Minister of Education,cabinetMinister,Department of Educational Publications,department,AS_DEPARTMENT,2022-07-22
2289-43_tr_90,Minister of Education,cabinetMinister,Department of Examination,department,AS_DEPARTMENT,2022-07-22
2289-43_tr_91,Minister of Education,cabinetMinister,Department of Technical Education and Training,department,AS_DEPARTMENT,2022-07-22
2289-43_tr_92,Minister of Education,cabinetMinister,Directorates of Education,department,AS_DEPARTMENT,2022-07-22
2289-43_tr_93,Minister of Education,cabinetMinister,National Apprenticeship and Industrial Training Authority,department,AS_DEPARTMENT,2022-07-22
2289-43_tr_94,Minister of Education,cabinetMinister,National Colleges of Education,department,AS_DEPARTMENT,2022-07-22
2289-43_tr_95,Minister of Education,cabinetMinister,National Education Commission,department,AS_DEPARTMENT,2022-07-22
2289-43_tr_96,Minister of Education,cabinetMinister,National Engineering Research and Development Centre,department,AS_DEPARTMENT,2022-07-22
2289-43_tr_97,Minister of Education,cabinetMinister,National Innovation Agency,department,AS_DEPARTMENT,2022-07-22
2289-43_tr_98,Minister of Education,cabinetMinister,National Institute of Business Management and affiliated institutions,department,AS_DEPARTMENT,2022-07-22
2289-43_tr_99,Minister of Education,cabinetMinister,National Institute of Education,department,AS_DEPARTMENT,2022-07-22
2289-43_tr_100,Minister of Education,cabinetMinister,National Institute of Fisheries and Nautical Engineering (Ocean University),department,AS_DEPARTMENT,2022-07-22
2289-43_tr_101,Minister of Education,cabinetMinister,National Institute of Fundamental Studies,department,AS_DEPARTMENT,2022-07-22
2289-43_tr_102,Minister of Education,cabinetMinister,National Library and Documentation Services Board,department,AS_DEPARTMENT,2022-07-22
2289-43_tr_103,Minister of Education,cabinetMinister,National Research Council,department,AS_DEPARTMENT,2022-07-22
2289-43_tr_104,Minister of Education,cabinetMinister,National Science Foundation,department,AS_DEPARTMENT,2022-07-22
2289-43_tr_105,Minister of Education,cabinetMinister,National Science and Technology Commission,department,AS_DEPARTMENT,2022-07-22
2289-43_tr_106,Minister of Education,cabinetMinister,Piriven Education Board,department,AS_DEPARTMENT,2022-07-22
2289-43_tr_107,Minister of Education,cabinetMinister,Planetarium of Sri Lanka,department,AS_DEPARTMENT,2022-07-22
2289-43_tr_108,Minister of Education,cabinetMinister,Skills Development Fund Ltd.,department,AS_DEPARTMENT,2022-07-22
2289-43_tr_109,Minister of Education,cabinetMinister,Sri Lanka Institute of Advanced Technological Education,department,AS_DEPARTMENT,2022-07-22
2289-43_tr_110,Minister of Education,cabinetMinister,Sri Lanka Inventors Fund,department,AS_DEPARTMENT,2022-07-22
2289-43_tr_111,Minister of Education,cabinetMinister,Sri Lanka Inventors' Commission,department,AS_DEPARTMENT,2022-07-22
2289-43_tr_112,Minister of Education,cabinetMinister,Sri Lanka Publication Development Bureau,department,AS_DEPARTMENT,2022-07-22
2289-43_tr_113,Minister of Education,cabinetMinister,State Printing Corporation,department,AS_DEPARTMENT,2022-07-22
2289-43_tr_114,Minister of Education,cabinetMinister,Teachers' Colleges,department,AS_DEPARTMENT,2022-07-22
2289-43_tr_115,Minister of Education,cabinetMinister,Tertiary and Vocational Education Commission,department,AS_DEPARTMENT,2022-07-22
2289-43_tr_116,Minister of Education,cabinetMinister,UNESCO National Commission of Sri Lanka,department,AS_DEPARTMENT,2022-07-22
2289-43_tr_117,Minister of Education,cabinetMinister,University Grants Commission,department,AS_DEPARTMENT,2022-07-22
2289-43_tr_118,Minister of Education,cabinetMinister,University of Vocational Technology,department,AS_DEPARTMENT,2022-07-22
2289-43_tr_119,Minister of Education,cabinetMinister,Vocational Training Authority of Sri Lanka,department,AS_DEPARTMENT,2022-07-22
2289-43_tr_120,Minister of Environment,cabinetMinister,Central Environmental Authority,department,AS_DEPARTMENT,2022-07-22
2289-43_tr_121,Minister of Environment,cabinetMinister,GSMB Technical Services (Pvt.) Ltd,department,AS_DEPARTMENT,2022-07-22
2289-43_tr_122,Minister of Environment,cabinetMinister,Geological Survey and Mines Bureau,department,AS_DEPARTMENT,2022-07-22
2289-43_tr_123,Minister of Environment,cabinetMinister,Lanka Mineral Sands Company,department,AS_DEPARTMENT,2022-07-22
2289-43_tr_124,Minister of Environment,cabinetMinister,Sri Lanka Climate Fund (Pvt.) Ltd,department,AS_DEPARTMENT,2022-07-22
2289-43_tr_125,"Minister of Finance, Economic Stabilization and National Policies",cabinetMinister,"All State Banks, Financial, Insurance and their subsidiaries and related institutions",department,AS_DEPARTMENT,2022-07-22
2289-43_tr_126,"Minister of Finance, Economic Stabilization and National Policies",cabinetMinister,Central Bank of Sri Lanka,department,AS_DEPARTMENT,2022-07-22
2289-43_tr_127,"Minister of Finance, Economic Stabilization and National Policies",cabinetMinister,Credit Information Bureau,department,AS_DEPARTMENT,2022-07-22
2289-43_tr_128,"Minister of Finance, Economic Stabilization and National Policies",cabinetMinister,Department of Census and Statistics,department,AS_DEPARTMENT,2022-07-22
2289-43_tr_129,"Minister of Finance, Economic Stabilization and National Policies",cabinetMinister,Department of Development Finance,department,AS_DEPARTMENT,2022-07-22
2289-43_tr_130,"Minister of Finance, Economic Stabilization and National Policies",cabinetMinister,Department of Excise,department,AS_DEPARTMENT,2022-07-22
2289-43_tr_131,"Minister of Finance, Economic Stabilization and National Policies",cabinetMinister,Department of External Resources,department,AS_DEPARTMENT,2022-07-22
2289-43_tr_132,"Minister of Finance, Economic Stabilization and National Policies",cabinetMinister,Department of Fiscal Policy,department,AS_DEPARTMENT,2022-07-22
2289-43_tr_133,"Minister of Finance, Economic Stabilization and National Policies",cabinetMinister,Department of Imports and Exports,department,AS_DEPARTMENT,2022-07-22
2289-43_tr_134,"Minister of Finance, Economic Stabilization and National Policies",cabinetMinister,Department of Information Technology Management,department,AS_DEPARTMENT,2022-07-22
2289-43_tr_135,"Minister of Finance, Economic Stabilization and National Policies",cabinetMinister,Department of Inland Revenue,department,AS_DEPARTMENT,2022-07-22
2289-43_tr_136,"Minister of Finance, Economic Stabilization and National Policies",cabinetMinister,Department of Internal Trade,department,AS_DEPARTMENT,2022-07-22
2289-43_tr_137,"Minister of Finance, Economic Stabilization and National Policies",cabinetMinister,Department of Legal Affairs,department,AS_DEPARTMENT,2022-07-22
2289-43_tr_138,"Minister of Finance, Economic Stabilization and National Policies",cabinetMinister,Department of Management Auditing,department,AS_DEPARTMENT,2022-07-22
2289-43_tr_139,"Minister of Finance, Economic Stabilization and National Policies",cabinetMinister,Department of Management Services,department,AS_DEPARTMENT,2022-07-22
2289-43_tr_140,"Minister of Finance, Economic Stabilization and National Policies",cabinetMinister,Department of National Budget,department,AS_DEPARTMENT,2022-07-22
2289-43_tr_141,"Minister of Finance, Economic Stabilization and National Policies",cabinetMinister,Department of Project Management and Monitoring,department,AS_DEPARTMENT,2022-07-22
2289-43_tr_142,"Minister of Finance, Economic Stabilization and National Policies",cabinetMinister,Department of Public Enterprises,department,AS_DEPARTMENT,2022-07-22
2289-43_tr_143,"Minister of Finance, Economic Stabilization and National Policies",cabinetMinister,Department of Public Finance,department,AS_DEPARTMENT,2022-07-22
2289-43_tr_144,"Minister of Finance, Economic Stabilization and National Policies",cabinetMinister,Department of Registrar Companies,department,AS_DEPARTMENT,2022-07-22
2289-43_tr_145,"Minister of Finance, Economic Stabilization and National Policies",cabinetMinister,Department of State Accounts,department,AS_DEPARTMENT,2022-07-22
2289-43_tr_146,"Minister of Finance, Economic Stabilization and National Policies",cabinetMinister,Department of Telecommunications,department,AS_DEPARTMENT,2022-07-22
2289-43_tr_147,"Minister of Finance, Economic Stabilization and National Policies",cabinetMinister,Department of Trade and Investment Policies,department,AS_DEPARTMENT,2022-07-22
2289-43_tr_148,"Minister of Finance, Economic Stabilization and National Policies",cabinetMinister,Department of Treasury Operations,department,AS_DEPARTMENT,2022-07-22
2289-43_tr_149,"Minister of Finance, Economic Stabilization and National Policies",cabinetMinister,Department of Valuation,department,AS_DEPARTMENT,2022-07-22
2289-43_tr_150,"Minister of Finance, Economic Stabilization and National Policies",cabinetMinister,Development Lotteries Board,department,AS_DEPARTMENT,2022-07-22
2289-43_tr_151,"Minister of Finance, Economic Stabilization and National Policies",cabinetMinister,Employees' Trust Fund,department,AS_DEPARTMENT,2022-07-22
2289-43_tr_152,"Minister of Finance, Economic Stabilization and National Policies",cabinetMinister,General Treasury,department,AS_DEPARTMENT,2022-07-22
2289-43_tr_153,"Minister of Finance, Economic Stabilization and National Policies",cabinetMinister,Housing Development Finance Corporation,department,AS_DEPARTMENT,2022-07-22
2289-43_tr_154,"Minister of Finance, Economic Stabilization and National Policies",cabinetMinister,Institute of Policy Studies,department,AS_DEPARTMENT,2022-07-22
2289-43_tr_155,"Minister of Finance, Economic Stabilization and National Policies",cabinetMinister,Insurance Regulatory Commission of Sri Lanka,department,AS_DEPARTMENT,2022-07-22
2289-43_tr_156,"Minister of Finance, Economic Stabilization and National Policies",cabinetMinister,Janatha Fertilizer Enterprises Ltd.,department,AS_DEPARTMENT,2022-07-22
2289-43_tr_157,"Minister of Finance, Economic Stabilization and National Policies",cabinetMinister,Lady Lochore Fund,department,AS_DEPARTMENT,2022-07-22
2289-43_tr_158,"Minister of Finance, Economic Stabilization and National Policies",cabinetMinister,National Insurance Trust Fund,department,AS_DEPARTMENT,2022-07-22
2289-43_tr_159,"Minister of Finance, Economic Stabilization and National Policies",cabinetMinister,National Lotteries Board,department,AS_DEPARTMENT,2022-07-22
2289-43_tr_160,"Minister of Finance, Economic Stabilization and National Policies",cabinetMinister,National Planning Department,department,AS_DEPARTMENT,2022-07-22
2289-43_tr_161,"Minister of Finance, Economic Stabilization and National Policies",cabinetMinister,Office of Comptroller General,department,AS_DEPARTMENT,2022-07-22
2289-43_tr_162,"Minister of Finance, Economic Stabilization and National Policies",cabinetMinister,Protection of Children National Trust Fund Institutions coming under the Revival (Removal) of Underperforming Enterprises or Underutilized Assets Act vested to the Secretary to the Treasury,department,AS_DEPARTMENT,2022-07-22
2289-43_tr_163,"Minister of Finance, Economic Stabilization and National Policies",cabinetMinister,Public Service Mutual Provident Fund,department,AS_DEPARTMENT,2022-07-22
2289-43_tr_164,"Minister of Finance, Economic Stabilization and National Policies",cabinetMinister,Public Utilities Commission of Sri Lanka,department,AS_DEPARTMENT,2022-07-22
2289-43_tr_165,"Minister of Finance, Economic Stabilization and National Policies",cabinetMinister,"Pulse Crops, Grain Research and Production Authority",department,AS_DEPARTMENT,2022-07-22
2289-43_tr_166,"Minister of Finance, Economic Stabilization and National Policies",cabinetMinister,Regional Development Bank,department,AS_DEPARTMENT,2022-07-22
2289-43_tr_167,"Minister of Finance, Economic Stabilization and National Policies",cabinetMinister,Security and Exchange Commission of Sri Lanka,department,AS_DEPARTMENT,2022-07-22
2289-43_tr_168,"Minister of Finance, Economic Stabilization and National Policies",cabinetMinister,Sri Lanka Accounting and Auditing Standard Monitoring Board,department,AS_DEPARTMENT,2022-07-22
2289-43_tr_169,"Minister of Finance, Economic Stabilization and National Policies",cabinetMinister,Sri Lanka Customs,department,AS_DEPARTMENT,2022-07-22
2289-43_tr_170,"Minister of Finance, Economic Stabilization and National Policies",cabinetMinister,Sri Lanka Export Credit Insurance Corporation,department,AS_DEPARTMENT,2022-07-22
2289-43_tr_171,"Minister of Finance, Economic Stabilization and National Policies",cabinetMinister,Sri Lanka Export Development Board,department,AS_DEPARTMENT,2022-07-22
2289-43_tr_172,"Minister of Finance, Economic Stabilization and National Policies",cabinetMinister,Sri Lanka Insurance Corporation and its subsidiaries and affiliated companies,department,AS_DEPARTMENT,2022-07-22
2289-43_tr_173,"Minister of Finance, Economic Stabilization and National Policies",cabinetMinister,Sri Lanka Media Training Institute,department,AS_DEPARTMENT,2022-07-22
2289-43_tr_174,"Minister of Finance, Economic Stabilization and National Policies",cabinetMinister,State Mortgage and Investment Bank,department,AS_DEPARTMENT,2022-07-22
2289-43_tr_175,"Minister of Finance, Economic Stabilization and National Policies",cabinetMinister,State Resources Management Corporation,department,AS_DEPARTMENT,2022-07-22
2289-43_tr_176,"Minister of Finance, Economic Stabilization and National Policies",cabinetMinister,"Strike, Riot, Civil Commotion and Terrorism Fund",department,AS_DEPARTMENT,2022-07-22
2289-43_tr_177,"Minister of Finance, Economic Stabilization and National Policies",cabinetMinister,Sustainable Development Council,department,AS_DEPARTMENT,2022-07-22
2289-43_tr_178,"Minister of Finance, Economic Stabilization and National Policies",cabinetMinister,Tax Appeal Commission,department,AS_DEPARTMENT,2022-07-22
2289-43_tr_179,"Minister of Finance, Economic Stabilization and National Policies",cabinetMinister,Welfare Benefits Board,department,AS_DEPARTMENT,2022-07-22
2289-43_tr_180,"Minister of Finance, Economic Stabilization and National Policies",cabinetMinister,Wildlife Trust,department,AS_DEPARTMENT,2022-07-22
2289-43_tr_181,Minister of Fisheries,cabinetMinister,Cey-Nor Foundation Ltd.,department,AS_DEPARTMENT,2022-07-22
2289-43_tr_182,Minister of Fisheries,cabinetMinister,Ceylon Fisheries Corporation,department,AS_DEPARTMENT,2022-07-22
2289-43_tr_183,Minister of Fisheries,cabinetMinister,Ceylon Fisheries Harbour Corporation,department,AS_DEPARTMENT,2022-07-22
2289-43_tr_184,Minister of Fisheries,cabinetMinister,Department of Fisheries and Aquatic Resources,department,AS_DEPARTMENT,2022-07-22
2289-43_tr_185,Minister of Fisheries,cabinetMinister,National Aquaculture Development Authority,department,AS_DEPARTMENT,2022-07-22
2289-43_tr_186,Minister of Fisheries,cabinetMinister,National Aquatic Resources Research and Development Agency,department,AS_DEPARTMENT,2022-07-22
2289-43_tr_187,Minister of Fisheries,cabinetMinister,North Sea Ltd.,department,AS_DEPARTMENT,2022-07-22
2289-43_tr_188,Minister of Foreign Affairs,cabinetMinister,Diplomatic Missions in abroad,department,AS_DEPARTMENT,2022-07-22
2289-43_tr_189,Minister of Foreign Affairs,cabinetMinister,Lakshman Kadirgamar Institute for International Relations and Strategic Studies,department,AS_DEPARTMENT,2022-07-22
2289-43_tr_190,Minister of Foreign Affairs,cabinetMinister,National Oceanic Affairs Committee Secretariat,department,AS_DEPARTMENT,2022-07-22
2289-43_tr_191,Minister of Foreign Affairs,cabinetMinister,Secretariat for Non-Governmental Organizations,department,AS_DEPARTMENT,2022-07-22
2289-43_tr_192,Minister of Health,cabinetMinister,1990 Suwaseriya Foundation,department,AS_DEPARTMENT,2022-07-22
2289-43_tr_193,Minister of Health,cabinetMinister,"All National, Teaching and Specified Government Hospitals",department,AS_DEPARTMENT,2022-07-22
2289-43_tr_194,Minister of Health,cabinetMinister,Ashraff Memorial Hospital,department,AS_DEPARTMENT,2022-07-22
2289-43_tr_195,Minister of Health,cabinetMinister,Ayurveda Teaching and Research Hospitals,department,AS_DEPARTMENT,2022-07-22
2289-43_tr_196,Minister of Health,cabinetMinister,Ayurvedic College and Hospital Board,department,AS_DEPARTMENT,2022-07-22
2289-43_tr_197,Minister of Health,cabinetMinister,Ayurvedic Medical Council,department,AS_DEPARTMENT,2022-07-22
2289-43_tr_198,Minister of Health,cabinetMinister,Department of Ayurveda,department,AS_DEPARTMENT,2022-07-22
2289-43_tr_199,Minister of Health,cabinetMinister,Department of Health Services,department,AS_DEPARTMENT,2022-07-22
2289-43_tr_200,Minister of Health,cabinetMinister,"Homeopathy Hospital, Welisara",department,AS_DEPARTMENT,2022-07-22
2289-43_tr_201,Minister of Health,cabinetMinister,Homeopathy Medical Council,department,AS_DEPARTMENT,2022-07-22
2289-43_tr_202,Minister of Health,cabinetMinister,Medical Research Institute,department,AS_DEPARTMENT,2022-07-22
2289-43_tr_203,Minister of Health,cabinetMinister,National Authority on Tobacco and Alcohol,department,AS_DEPARTMENT,2022-07-22
2289-43_tr_204,Minister of Health,cabinetMinister,National Health Council,department,AS_DEPARTMENT,2022-07-22
2289-43_tr_205,Minister of Health,cabinetMinister,National Health Development Fund,department,AS_DEPARTMENT,2022-07-22
2289-43_tr_206,Minister of Health,cabinetMinister,National Institute of Health Science,department,AS_DEPARTMENT,2022-07-22
2289-43_tr_207,Minister of Health,cabinetMinister,"National Institute of Nephrology, Dialysis and Transplantation",department,AS_DEPARTMENT,2022-07-22
2289-43_tr_208,Minister of Health,cabinetMinister,National Medicines Regulatory Authority,department,AS_DEPARTMENT,2022-07-22
2289-43_tr_209,Minister of Health,cabinetMinister,Private Health Services Regulatory Council,department,AS_DEPARTMENT,2022-07-22
2289-43_tr_210,Minister of Health,cabinetMinister,School of Medical Laboratory Technology,department,AS_DEPARTMENT,2022-07-22
2289-43_tr_211,Minister of Health,cabinetMinister,Sri Jayewardenepura General Hospital,department,AS_DEPARTMENT,2022-07-22
2289-43_tr_212,Minister of Health,cabinetMinister,Sri Lanka Ayurvedic Drugs Corporation,department,AS_DEPARTMENT,2022-07-22
2289-43_tr_213,Minister of Health,cabinetMinister,Sri Lanka Medical College Council,department,AS_DEPARTMENT,2022-07-22
2289-43_tr_214,Minister of Health,cabinetMinister,Sri Lanka Medical Council,department,AS_DEPARTMENT,2022-07-22
2289-43_tr_215,Minister of Health,cabinetMinister,Sri Lanka Thriposha Co. Ltd.,department,AS_DEPARTMENT,2022-07-22
2289-43_tr_216,Minister of Health,cabinetMinister,State Pharmaceutical Corporation,department,AS_DEPARTMENT,2022-07-22
2289-43_tr_217,Minister of Health,cabinetMinister,State Pharmaceutical Manufacturing Corporation,department,AS_DEPARTMENT,2022-07-22
2289-43_tr_218,Minister of Health,cabinetMinister,Vijaya Kumaranatunga Memorial Hospital,department,AS_DEPARTMENT,2022-07-22
2289-43_tr_219,Minister of Industries,cabinetMinister,BCC (Pvt.) Limited,department,AS_DEPARTMENT,2022-07-22
2289-43_tr_220,Minister of Industries,cabinetMinister,Centre of excellence for Robotic Applications,department,AS_DEPARTMENT,2022-07-22
2289-43_tr_221,Minister of Industries,cabinetMinister,Ceylon Ceramics Corporation (Brick and Tiles Division),department,AS_DEPARTMENT,2022-07-22
2289-43_tr_222,Minister of Industries,cabinetMinister,Ceylon Industrial Development Board,department,AS_DEPARTMENT,2022-07-22
2289-43_tr_223,Minister of Industries,cabinetMinister,Department of Textile Industries,department,AS_DEPARTMENT,2022-07-22
2289-43_tr_224,Minister of Industries,cabinetMinister,Elephant Pass Saltern,department,AS_DEPARTMENT,2022-07-22
2289-43_tr_225,Minister of Industries,cabinetMinister,Gem and Jewellery Research and Training Institute,department,AS_DEPARTMENT,2022-07-22
2289-43_tr_226,Minister of Industries,cabinetMinister,Kahagolle Engineering Services Company Ltd. (KESCO),department,AS_DEPARTMENT,2022-07-22
2289-43_tr_227,Minister of Industries,cabinetMinister,Kahatagaha Graphite,department,AS_DEPARTMENT,2022-07-22
2289-43_tr_228,Minister of Industries,cabinetMinister,Lanka Ashok Leyland Ltd.,department,AS_DEPARTMENT,2022-07-22
2289-43_tr_229,Minister of Industries,cabinetMinister,Lanka Cement Ltd.,department,AS_DEPARTMENT,2022-07-22
2289-43_tr_230,Minister of Industries,cabinetMinister,Lanka Leyland Ltd.,department,AS_DEPARTMENT,2022-07-22
2289-43_tr_231,Minister of Industries,cabinetMinister,Lanka Salusala Ltd.,department,AS_DEPARTMENT,2022-07-22
2289-43_tr_232,Minister of Industries,cabinetMinister,Lanka Textile Mills Emporium Ltd.,department,AS_DEPARTMENT,2022-07-22
2289-43_tr_233,Minister of Industries,cabinetMinister,Manthai Salt Ltd.,department,AS_DEPARTMENT,2022-07-22
2289-43_tr_234,Minister of Industries,cabinetMinister,National Crafts Council,department,AS_DEPARTMENT,2022-07-22
2289-43_tr_235,Minister of Industries,cabinetMinister,National Design Centre,department,AS_DEPARTMENT,2022-07-22
2289-43_tr_236,Minister of Industries,cabinetMinister,National Enterprise Development Authority,department,AS_DEPARTMENT,2022-07-22
2289-43_tr_237,Minister of Industries,cabinetMinister,National Gem and Jewellery Authority,department,AS_DEPARTMENT,2022-07-22
2289-43_tr_238,Minister of Industries,cabinetMinister,National Paper Corporation Ltd.,department,AS_DEPARTMENT,2022-07-22
2289-43_tr_239,Minister of Industries,cabinetMinister,Paranthan Chemicals Ltd.,department,AS_DEPARTMENT,2022-07-22
2289-43_tr_240,Minister of Industries,cabinetMinister,Small and Medium Enterprise Authority,department,AS_DEPARTMENT,2022-07-22
2289-43_tr_241,Minister of Industries,cabinetMinister,Small and Medium Enterprise Venture Capital Company,department,AS_DEPARTMENT,2022-07-22
2289-43_tr_242,Minister of Industries,cabinetMinister,Sri Lanka Cement Corporation,department,AS_DEPARTMENT,2022-07-22
2289-43_tr_243,Minister of Industries,cabinetMinister,Sri Lanka Handicraft Board (Laksala),department,AS_DEPARTMENT,2022-07-22
2289-43_tr_244,Minister of Industries,cabinetMinister,Sri Lanka Institute of Textile and Apparels,department,AS_DEPARTMENT,2022-07-22
2289-43_tr_245,Minister of Industries,cabinetMinister,Timber-related design centre,department,AS_DEPARTMENT,2022-07-22
2289-43_tr_246,Minister of Industries,cabinetMinister,Vidatha Centres,department,AS_DEPARTMENT,2022-07-22
2289-43_tr_247,Minister of Investment Promotion,cabinetMinister,Hotel Developers (Lanka) PLC (PQ 143),department,AS_DEPARTMENT,2022-07-22
2289-43_tr_248,Minister of Investment Promotion,cabinetMinister,Project related to Colombo Port City,department,AS_DEPARTMENT,2022-07-22
2289-43_tr_249,Minister of Investment Promotion,cabinetMinister,Selendiva Investments Limited,department,AS_DEPARTMENT,2022-07-22
2289-43_tr_250,Minister of Irrigation,cabinetMinister,Central Engineering Consultancy Bureau and its subsidiaries and affiliated companies,department,AS_DEPARTMENT,2022-07-22
2289-43_tr_251,Minister of Irrigation,cabinetMinister,Department of Irrigation,department,AS_DEPARTMENT,2022-07-22
2289-43_tr_252,Minister of Irrigation,cabinetMinister,Engineering Council of Sri Lanka,department,AS_DEPARTMENT,2022-07-22
2289-43_tr_253,Minister of Irrigation,cabinetMinister,Mahaweli Authority of Sri Lanka,department,AS_DEPARTMENT,2022-07-22
2289-43_tr_254,Minister of Irrigation,cabinetMinister,"Major development projects including Uma Oya, Moragahakanda, Kalu Ganga, Gin, Nilwala, Malwathu Oya",department,AS_DEPARTMENT,2022-07-22
2289-43_tr_255,"Minister of Justice, Prisons Affairs and Constitutional Reforms",cabinetMinister,Attorney General's Department,department,AS_DEPARTMENT,2022-07-22
2289-43_tr_256,"Minister of Justice, Prisons Affairs and Constitutional Reforms",cabinetMinister,Commercial Mediation Centre of Sri Lanka,department,AS_DEPARTMENT,2022-07-22
2289-43_tr_257,"Minister of Justice, Prisons Affairs and Constitutional Reforms",cabinetMinister,Community Based Correction Department,department,AS_DEPARTMENT,2022-07-22
2289-43_tr_258,"Minister of Justice, Prisons Affairs and Constitutional Reforms",cabinetMinister,Council of Legal Education,department,AS_DEPARTMENT,2022-07-22
2289-43_tr_259,"Minister of Justice, Prisons Affairs and Constitutional Reforms",cabinetMinister,Department of Debt Conciliation Board,department,AS_DEPARTMENT,2022-07-22
2289-43_tr_260,"Minister of Justice, Prisons Affairs and Constitutional Reforms",cabinetMinister,Department of Government Analyst,department,AS_DEPARTMENT,2022-07-22
2289-43_tr_261,"Minister of Justice, Prisons Affairs and Constitutional Reforms",cabinetMinister,Department of Prisons,department,AS_DEPARTMENT,2022-07-22
2289-43_tr_262,"Minister of Justice, Prisons Affairs and Constitutional Reforms",cabinetMinister,Law Commission of Sri Lanka,department,AS_DEPARTMENT,2022-07-22
2289-43_tr_263,"Minister of Justice, Prisons Affairs and Constitutional Reforms",cabinetMinister,Legal Aid Commission of Lanka,department,AS_DEPARTMENT,2022-07-22
2289-43_tr_264,"Minister of Justice, Prisons Affairs and Constitutional Reforms",cabinetMinister,Legal Draftsman's Department,department,AS_DEPARTMENT,2022-07-22
2289-43_tr_265,"Minister of Justice, Prisons Affairs and Constitutional Reforms",cabinetMinister,Mediation Boards Commission,department,AS_DEPARTMENT,2022-07-22
2289-43_tr_266,"Minister of Justice, Prisons Affairs and Constitutional Reforms",cabinetMinister,National Authority for the Protection of Victims and Witnesses of Crime,department,AS_DEPARTMENT,2022-07-22
2289-43_tr_267,"Minister of Justice, Prisons Affairs and Constitutional Reforms",cabinetMinister,Office for National Unity and Reconciliation,department,AS_DEPARTMENT,2022-07-22
2289-43_tr_268,"Minister of Justice, Prisons Affairs and Constitutional Reforms",cabinetMinister,Office for Reparations,department,AS_DEPARTMENT,2022-07-22
2289-43_tr_269,"Minister of Justice, Prisons Affairs and Constitutional Reforms",cabinetMinister,Office of Missing Persons,department,AS_DEPARTMENT,2022-07-22
2289-43_tr_270,"Minister of Justice, Prisons Affairs and Constitutional Reforms",cabinetMinister,Office of the Registrar of the Supreme Court,department,AS_DEPARTMENT,2022-07-22
2289-43_tr_271,"Minister of Justice, Prisons Affairs and Constitutional Reforms",cabinetMinister,Rehabilitation Commissioner General's Office,department,AS_DEPARTMENT,2022-07-22
2289-43_tr_272,"Minister of Justice, Prisons Affairs and Constitutional Reforms",cabinetMinister,Sri Lanka International Arbitration Centre (Guarantee Ltd.),department,AS_DEPARTMENT,2022-07-22
2289-43_tr_273,"Minister of Justice, Prisons Affairs and Constitutional Reforms",cabinetMinister,Superior Courts Complex Board of Management,department,AS_DEPARTMENT,2022-07-22
2289-43_tr_274,"Minister of Justice, Prisons Affairs and Constitutional Reforms",cabinetMinister,Training Schools for Youthful Offenders,department,AS_DEPARTMENT,2022-07-22
2289-43_tr_275,Minister of Labour and Foreign Employment,cabinetMinister,Department of Labour,department,AS_DEPARTMENT,2022-07-22
2289-43_tr_276,Minister of Labour and Foreign Employment,cabinetMinister,Employees' Provident Fund,department,AS_DEPARTMENT,2022-07-22
2289-43_tr_277,Minister of Labour and Foreign Employment,cabinetMinister,Foreign Employment Agency of Sri Lanka (Pvt.) Ltd.,department,AS_DEPARTMENT,2022-07-22
2289-43_tr_278,Minister of Labour and Foreign Employment,cabinetMinister,National Institute for Occupational Safety and Health,department,AS_DEPARTMENT,2022-07-22
2289-43_tr_279,Minister of Labour and Foreign Employment,cabinetMinister,National Institute of Labour Studies,department,AS_DEPARTMENT,2022-07-22
2289-43_tr_280,Minister of Labour and Foreign Employment,cabinetMinister,National Productivity Secretariat,department,AS_DEPARTMENT,2022-07-22
2289-43_tr_281,Minister of Labour and Foreign Employment,cabinetMinister,Office of the Commissioner of Workmen's Compensation,department,AS_DEPARTMENT,2022-07-22
2289-43_tr_282,Minister of Labour and Foreign Employment,cabinetMinister,Shrama Vasana Fund,department,AS_DEPARTMENT,2022-07-22
2289-43_tr_283,Minister of Labour and Foreign Employment,cabinetMinister,Sri Lanka Foreign Employment Bureau,department,AS_DEPARTMENT,2022-07-22
2289-43_tr_284,Minister of Mass Media,cabinetMinister,Associated Newspapers of Ceylon Ltd.,department,AS_DEPARTMENT,2022-07-22
2289-43_tr_285,Minister of Mass Media,cabinetMinister,Department of Government Information,department,AS_DEPARTMENT,2022-07-22
2289-43_tr_286,Minister of Mass Media,cabinetMinister,Department of Government Printing,department,AS_DEPARTMENT,2022-07-22
2289-43_tr_287,Minister of Mass Media,cabinetMinister,Independent Television Network,department,AS_DEPARTMENT,2022-07-22
2289-43_tr_288,Minister of Mass Media,cabinetMinister,Lanka Puwath Ltd.,department,AS_DEPARTMENT,2022-07-22
2289-43_tr_289,Minister of Mass Media,cabinetMinister,Postal Department,department,AS_DEPARTMENT,2022-07-22
2289-43_tr_290,Minister of Mass Media,cabinetMinister,Right to Information Commission,department,AS_DEPARTMENT,2022-07-22
2289-43_tr_291,Minister of Mass Media,cabinetMinister,Selacine Rupavahini Institute,department,AS_DEPARTMENT,2022-07-22
2289-43_tr_292,Minister of Mass Media,cabinetMinister,Sri Lanka Broadcasting Corporation,department,AS_DEPARTMENT,2022-07-22
2289-43_tr_293,Minister of Mass Media,cabinetMinister,Sri Lanka Foundation Institute,department,AS_DEPARTMENT,2022-07-22
2289-43_tr_294,Minister of Mass Media,cabinetMinister,Sri Lanka Institute of Printing,department,AS_DEPARTMENT,2022-07-22
2289-43_tr_295,Minister of Mass Media,cabinetMinister,Sri Lanka Press Council,department,AS_DEPARTMENT,2022-07-22
2289-43_tr_296,Minister of Mass Media,cabinetMinister,Sri Lanka Rupavahini Corporation,department,AS_DEPARTMENT,2022-07-22
2289-43_tr_297,Minister of Plantation Industries,cabinetMinister,Ceylon Sugar (Pvt.) Ltd.,department,AS_DEPARTMENT,2022-07-22
2289-43_tr_298,Minister of Plantation Industries,cabinetMinister,Chilaw Plantation Company Ltd.,department,AS_DEPARTMENT,2022-07-22
2289-43_tr_299,Minister of Plantation Industries,cabinetMinister,Coconut Cultivation Board,department,AS_DEPARTMENT,2022-07-22
2289-43_tr_300,Minister of Plantation Industries,cabinetMinister,Coconut Development Authority,department,AS_DEPARTMENT,2022-07-22
2289-43_tr_301,Minister of Plantation Industries,cabinetMinister,Coconut Research Institute,department,AS_DEPARTMENT,2022-07-22
2289-43_tr_302,Minister of Plantation Industries,cabinetMinister,Department of Export Agriculture,department,AS_DEPARTMENT,2022-07-22
2289-43_tr_303,Minister of Plantation Industries,cabinetMinister,Department of Rubber Development,department,AS_DEPARTMENT,2022-07-22
2289-43_tr_304,Minister of Plantation Industries,cabinetMinister,Elkaduwa Plantation Company Ltd.,department,AS_DEPARTMENT,2022-07-22
2289-43_tr_305,Minister of Plantation Industries,cabinetMinister,Galoya Plantation (Pvt.) Company,department,AS_DEPARTMENT,2022-07-22
2289-43_tr_306,Minister of Plantation Industries,cabinetMinister,Hingurana Sugar Factory (Pvt) Limited,department,AS_DEPARTMENT,2022-07-22
2289-43_tr_307,Minister of Plantation Industries,cabinetMinister,Janatha Estate Development Board,department,AS_DEPARTMENT,2022-07-22
2289-43_tr_308,Minister of Plantation Industries,cabinetMinister,Kalubovitiyana Tea Factory Ltd.,department,AS_DEPARTMENT,2022-07-22
2289-43_tr_309,Minister of Plantation Industries,cabinetMinister,Kantale Sugar Company Ltd.,department,AS_DEPARTMENT,2022-07-22
2289-43_tr_310,Minister of Plantation Industries,cabinetMinister,Kapruka Fund,department,AS_DEPARTMENT,2022-07-22
2289-43_tr_311,Minister of Plantation Industries,cabinetMinister,Kithul Development Board,department,AS_DEPARTMENT,2022-07-22
2289-43_tr_312,Minister of Plantation Industries,cabinetMinister,Kurunegala Plantation Company Ltd.,department,AS_DEPARTMENT,2022-07-22
2289-43_tr_313,Minister of Plantation Industries,cabinetMinister,National Institute of Plantation Management,department,AS_DEPARTMENT,2022-07-22
2289-43_tr_314,Minister of Plantation Industries,cabinetMinister,Palmyrah Development Board,department,AS_DEPARTMENT,2022-07-22
2289-43_tr_315,Minister of Plantation Industries,cabinetMinister,Rubber Research Institute,department,AS_DEPARTMENT,2022-07-22
2289-43_tr_316,Minister of Plantation Industries,cabinetMinister,Spices and Allied Products Marketing Board,department,AS_DEPARTMENT,2022-07-22
2289-43_tr_317,Minister of Plantation Industries,cabinetMinister,Sri Lanka Cashew Corporation,department,AS_DEPARTMENT,2022-07-22
2289-43_tr_318,Minister of Plantation Industries,cabinetMinister,Sri Lanka Rubber Manufacturing and Export Corporation Ltd.,department,AS_DEPARTMENT,2022-07-22
2289-43_tr_319,Minister of Plantation Industries,cabinetMinister,Sri Lanka State Plantation Corporation,department,AS_DEPARTMENT,2022-07-22
2289-43_tr_320,Minister of Plantation Industries,cabinetMinister,Sri Lanka Tea Board,department,AS_DEPARTMENT,2022-07-22
2289-43_tr_321,Minister of Plantation Industries,cabinetMinister,Sugar Cane Research Institute,department,AS_DEPARTMENT,2022-07-22
2289-43_tr_322,Minister of Plantation Industries,cabinetMinister,Tea Research Institute,department,AS_DEPARTMENT,2022-07-22
2289-43_tr_323,Minister of Plantation Industries,cabinetMinister,Tea Shakthi Fund,department,AS_DEPARTMENT,2022-07-22
2289-43_tr_324,Minister of Plantation Industries,cabinetMinister,Tea Small Holdings Development Authority,department,AS_DEPARTMENT,2022-07-22
2289-43_tr_325,Minister of Plantation Industries,cabinetMinister,Tea and Rubber Estates (Control and Fragmentation) Board,department,AS_DEPARTMENT,2022-07-22
2289-43_tr_326,Minister of Plantation Industries,cabinetMinister,Thurusaviya Fund,department,AS_DEPARTMENT,2022-07-22
2289-43_tr_327,"Minister of Ports, Shipping and Aviation",cabinetMinister,Airport and Aviation Services (Sri Lanka) Ltd.,department,AS_DEPARTMENT,2022-07-22
2289-43_tr_328,"Minister of Ports, Shipping and Aviation",cabinetMinister,Ceylon Shipping Corporation Ltd,department,AS_DEPARTMENT,2022-07-22
2289-43_tr_329,"Minister of Ports, Shipping and Aviation",cabinetMinister,Civil Aviation Authority of Sri Lanka,department,AS_DEPARTMENT,2022-07-22
2289-43_tr_330,"Minister of Ports, Shipping and Aviation",cabinetMinister,Merchant Shipping Secretariat,department,AS_DEPARTMENT,2022-07-22
2289-43_tr_331,"Minister of Ports, Shipping and Aviation",cabinetMinister,Sri Lanka Ports Authority and its Subsidiaries and Associates,department,AS_DEPARTMENT,2022-07-22
2289-43_tr_332,"Minister of Ports, Shipping and Aviation",cabinetMinister,Sri Lankan Air Lines Limited and its subsidiaries,department,AS_DEPARTMENT,2022-07-22
2289-43_tr_333,Minister of Power & Energy,cabinetMinister,Ceylon Electricity Board and its subsidiary Companies,department,AS_DEPARTMENT,2022-07-22
2289-43_tr_334,Minister of Power & Energy,cabinetMinister,Ceylon Electricity Company,department,AS_DEPARTMENT,2022-07-22
2289-43_tr_335,Minister of Power & Energy,cabinetMinister,Ceylon Petroleum Corporation,department,AS_DEPARTMENT,2022-07-22
2289-43_tr_336,Minister of Power & Energy,cabinetMinister,Ceylon Petroleum Storage Terminal Ltd.,department,AS_DEPARTMENT,2022-07-22
2289-43_tr_337,Minister of Power & Energy,cabinetMinister,LTL Holdings (Pvt.) Ltd.,department,AS_DEPARTMENT,2022-07-22
2289-43_tr_338,Minister of Power & Energy,cabinetMinister,Lanka Coal Company (Pvt.) Ltd.,department,AS_DEPARTMENT,2022-07-22
2289-43_tr_339,Minister of Power & Energy,cabinetMinister,Petroleum Resources Development Secretariat,department,AS_DEPARTMENT,2022-07-22
2289-43_tr_340,Minister of Power & Energy,cabinetMinister,Polipto Lanka (Pvt.) Ltd.,department,AS_DEPARTMENT,2022-07-22
2289-43_tr_341,Minister of Power & Energy,cabinetMinister,Sri Lanka Atomic Energy Board,department,AS_DEPARTMENT,2022-07-22
2289-43_tr_342,Minister of Power & Energy,cabinetMinister,Sri Lanka Atomic Energy Regulatory Council,department,AS_DEPARTMENT,2022-07-22
2289-43_tr_343,Minister of Power & Energy,cabinetMinister,Sri Lanka Sustainable Energy Authority,department,AS_DEPARTMENT,2022-07-22
2289-43_tr_344,"Minister of Public Administration, Home Affairs, Provincial Councils & Local Government",cabinetMinister,All District Secretariats and Divisional Secretariats,department,AS_DEPARTMENT,2022-07-22
2289-43_tr_345,"Minister of Public Administration, Home Affairs, Provincial Councils & Local Government",cabinetMinister,Department of Official Languages,department,AS_DEPARTMENT,2022-07-22
2289-43_tr_346,"Minister of Public Administration, Home Affairs, Provincial Councils & Local Government",cabinetMinister,Department of Pensions,department,AS_DEPARTMENT,2022-07-22
2289-43_tr_347,"Minister of Public Administration, Home Affairs, Provincial Councils & Local Government",cabinetMinister,Department of Registrar General,department,AS_DEPARTMENT,2022-07-22
2289-43_tr_348,"Minister of Public Administration, Home Affairs, Provincial Councils & Local Government",cabinetMinister,Distance Learning Centre Ltd.,department,AS_DEPARTMENT,2022-07-22
2289-43_tr_349,"Minister of Public Administration, Home Affairs, Provincial Councils & Local Government",cabinetMinister,Local Government Service Pension Fund,department,AS_DEPARTMENT,2022-07-22
2289-43_tr_350,"Minister of Public Administration, Home Affairs, Provincial Councils & Local Government",cabinetMinister,Local Government Widowers' and Orphans' Pension Fund,department,AS_DEPARTMENT,2022-07-22
2289-43_tr_351,"Minister of Public Administration, Home Affairs, Provincial Councils & Local Government",cabinetMinister,Local Government Widows' and Orphans' Pension Fund,department,AS_DEPARTMENT,2022-07-22
2289-43_tr_352,"Minister of Public Administration, Home Affairs, Provincial Councils & Local Government",cabinetMinister,Local Loans and Development Fund,department,AS_DEPARTMENT,2022-07-22
2289-43_tr_353,"Minister of Public Administration, Home Affairs, Provincial Councils & Local Government",cabinetMinister,National Council of Sri Lanka for the Development of Human Resources,department,AS_DEPARTMENT,2022-07-22
2289-43_tr_354,"Minister of Public Administration, Home Affairs, Provincial Councils & Local Government",cabinetMinister,National Institute of Language Education and Training,department,AS_DEPARTMENT,2022-07-22
2289-43_tr_355,"Minister of Public Administration, Home Affairs, Provincial Councils & Local Government",cabinetMinister,Official Languages Commission,department,AS_DEPARTMENT,2022-07-22
2289-43_tr_356,"Minister of Public Administration, Home Affairs, Provincial Councils & Local Government",cabinetMinister,Public Service Pensioners' Trust Fund,department,AS_DEPARTMENT,2022-07-22
2289-43_tr_357,"Minister of Public Administration, Home Affairs, Provincial Councils & Local Government",cabinetMinister,Sri Lanka Institute of Development Administration,department,AS_DEPARTMENT,2022-07-22
2289-43_tr_358,"Minister of Public Administration, Home Affairs, Provincial Councils & Local Government",cabinetMinister,Sri Lanka Institute of Local Governance,department,AS_DEPARTMENT,2022-07-22
2289-43_tr_359,Minister of Public Security,cabinetMinister,National Police Academy,department,AS_DEPARTMENT,2022-07-22
2289-43_tr_360,Minister of Public Security,cabinetMinister,Sri Lanka Police,department,AS_DEPARTMENT,2022-07-22
2289-43_tr_361,Minister of Sports and Youth Affairs,cabinetMinister,Department of Manpower and Employment,department,AS_DEPARTMENT,2022-07-22
2289-43_tr_362,Minister of Sports and Youth Affairs,cabinetMinister,Department of Sports Development,department,AS_DEPARTMENT,2022-07-22
2289-43_tr_363,Minister of Sports and Youth Affairs,cabinetMinister,Institute of Sports Medicine,department,AS_DEPARTMENT,2022-07-22
2289-43_tr_364,Minister of Sports and Youth Affairs,cabinetMinister,National Centre for Leadership Development,department,AS_DEPARTMENT,2022-07-22
2289-43_tr_365,Minister of Sports and Youth Affairs,cabinetMinister,National Institute of Sports Science,department,AS_DEPARTMENT,2022-07-22
2289-43_tr_366,Minister of Sports and Youth Affairs,cabinetMinister,National Youth Corps,department,AS_DEPARTMENT,2022-07-22
2289-43_tr_367,Minister of Sports and Youth Affairs,cabinetMinister,National Youth Services Council,department,AS_DEPARTMENT,2022-07-22
2289-43_tr_368,Minister of Sports and Youth Affairs,cabinetMinister,National Youths Services Co-operative Limited,department,AS_DEPARTMENT,2022-07-22
2289-43_tr_369,Minister of Sports and Youth Affairs,cabinetMinister,Sri Lanka Anti-doping Agency,department,AS_DEPARTMENT,2022-07-22
2289-43_tr_370,Minister of Sports and Youth Affairs,cabinetMinister,Sugathadasa National Sports Complex Authority,department,AS_DEPARTMENT,2022-07-22
2289-43_tr_371,Minister of Tourism and Lands,cabinetMinister,Department of Land Commissioner General,department,AS_DEPARTMENT,2022-07-22
2289-43_tr_372,Minister of Tourism and Lands,cabinetMinister,Department of Land Settlement,department,AS_DEPARTMENT,2022-07-22
2289-43_tr_373,Minister of Tourism and Lands,cabinetMinister,Department of Land Use Policy Planning,department,AS_DEPARTMENT,2022-07-22
2289-43_tr_374,Minister of Tourism and Lands,cabinetMinister,Department of National Botanical Gardens,department,AS_DEPARTMENT,2022-07-22
2289-43_tr_375,Minister of Tourism and Lands,cabinetMinister,Institute of Surveying and Mapping,department,AS_DEPARTMENT,2022-07-22
2289-43_tr_376,Minister of Tourism and Lands,cabinetMinister,Land Reform Commission,department,AS_DEPARTMENT,2022-07-22
2289-43_tr_377,Minister of Tourism and Lands,cabinetMinister,Land Survey Council,department,AS_DEPARTMENT,2022-07-22
2289-43_tr_378,Minister of Tourism and Lands,cabinetMinister,Sri Lanka Convention Bureau,department,AS_DEPARTMENT,2022-07-22
2289-43_tr_379,Minister of Tourism and Lands,cabinetMinister,Sri Lanka Institute of Tourism and Hotel Management,department,AS_DEPARTMENT,2022-07-22
2289-43_tr_380,Minister of Tourism and Lands,cabinetMinister,Sri Lanka Survey Department,department,AS_DEPARTMENT,2022-07-22
2289-43_tr_381,Minister of Tourism and Lands,cabinetMinister,Sri Lanka Tourism Development Authority,department,AS_DEPARTMENT,2022-07-22
2289-43_tr_382,Minister of Tourism and Lands,cabinetMinister,Sri Lanka Tourism Promotion Bureau,department,AS_DEPARTMENT,2022-07-22
2289-43_tr_383,"Minister of Trade, Commerce and Food Security",cabinetMinister,Co-operative Employees Commission,department,AS_DEPARTMENT,2022-07-22
2289-43_tr_384,"Minister of Trade, Commerce and Food Security",cabinetMinister,Co-operative Wholesale Establishment,department,AS_DEPARTMENT,2022-07-22
2289-43_tr_385,"Minister of Trade, Commerce and Food Security",cabinetMinister,Consumer Affairs Authority,department,AS_DEPARTMENT,2022-07-22
2289-43_tr_386,"Minister of Trade, Commerce and Food Security",cabinetMinister,Department of Co-operative Development (Registrar of Co-operative Societies),department,AS_DEPARTMENT,2022-07-22
2289-43_tr_387,"Minister of Trade, Commerce and Food Security",cabinetMinister,Department of Commerce,department,AS_DEPARTMENT,2022-07-22
2289-43_tr_388,"Minister of Trade, Commerce and Food Security",cabinetMinister,"Department of Measurement Units, Standards and Services",department,AS_DEPARTMENT,2022-07-22
2289-43_tr_389,"Minister of Trade, Commerce and Food Security",cabinetMinister,Food Commissioner's Department,department,AS_DEPARTMENT,2022-07-22
2289-43_tr_390,"Minister of Trade, Commerce and Food Security",cabinetMinister,Lanka General Trading Company Ltd,department,AS_DEPARTMENT,2022-07-22
2289-43_tr_391,"Minister of Trade, Commerce and Food Security",cabinetMinister,Lanka Sathosa Ltd.,department,AS_DEPARTMENT,2022-07-22
2289-43_tr_392,"Minister of Trade, Commerce and Food Security",cabinetMinister,Mahapola Higher Education Scholarship Trust Fund,department,AS_DEPARTMENT,2022-07-22
2289-43_tr_393,"Minister of Trade, Commerce and Food Security",cabinetMinister,National Institute of Co-operative Development,department,AS_DEPARTMENT,2022-07-22
2289-43_tr_394,"Minister of Trade, Commerce and Food Security",cabinetMinister,National Intellectual Property Office of Sri Lanka,department,AS_DEPARTMENT,2022-07-22
2289-43_tr_395,"Minister of Trade, Commerce and Food Security",cabinetMinister,Regional Economic Centres,department,AS_DEPARTMENT,2022-07-22
2289-43_tr_396,"Minister of Trade, Commerce and Food Security",cabinetMinister,Sri Lanka Accreditation Board for Conformity Assessment,department,AS_DEPARTMENT,2022-07-22
2289-43_tr_397,Minister of Transport and Highways,cabinetMinister,Department of Sri Lanka Railways,department,AS_DEPARTMENT,2022-07-22
2289-43_tr_398,Minister of Transport and Highways,cabinetMinister,Maga Naguma,department,AS_DEPARTMENT,2022-07-22
2289-43_tr_399,Minister of Transport and Highways,cabinetMinister,National Council on Road Safety,department,AS_DEPARTMENT,2022-07-22
2289-43_tr_400,Minister of Transport and Highways,cabinetMinister,National Transport Commission,department,AS_DEPARTMENT,2022-07-22
2289-43_tr_401,Minister of Transport and Highways,cabinetMinister,National Transport Medical Institute,department,AS_DEPARTMENT,2022-07-22
2289-43_tr_402,Minister of Transport and Highways,cabinetMinister,Road Development Authority and its Subsidiaries and Associates,department,AS_DEPARTMENT,2022-07-22
2289-43_tr_403,Minister of Transport and Highways,cabinetMinister,Sahasya Investments Limited,department,AS_DEPARTMENT,2022-07-22
2289-43_tr_404,Minister of Transport and Highways,cabinetMinister,Sri Lanka Transport Board,department,AS_DEPARTMENT,2022-07-22
2289-43_tr_405,Minister of Transport and Highways,cabinetMinister,State Development and Construction Corporation,department,AS_DEPARTMENT,2022-07-22
2289-43_tr_406,Minister of Urban Development and Housing,cabinetMinister,Building Material Corporation Limited,department,AS_DEPARTMENT,2022-07-22
2289-43_tr_407,Minister of Urban Development and Housing,cabinetMinister,Condominium Management Authority,department,AS_DEPARTMENT,2022-07-22
2289-43_tr_408,Minister of Urban Development and Housing,cabinetMinister,Construction Industry Development Authority,department,AS_DEPARTMENT,2022-07-22
2289-43_tr_409,Minister of Urban Development and Housing,cabinetMinister,Department of Buildings,department,AS_DEPARTMENT,2022-07-22
2289-43_tr_410,Minister of Urban Development and Housing,cabinetMinister,Department of Coast Conservation and Coastal Resource Management,department,AS_DEPARTMENT,2022-07-22
2289-43_tr_411,Minister of Urban Development and Housing,cabinetMinister,Department of Government Factories,department,AS_DEPARTMENT,2022-07-22
2289-43_tr_412,Minister of Urban Development and Housing,cabinetMinister,Estate Sector Self-Employment Revolving Fund,department,AS_DEPARTMENT,2022-07-22
2289-43_tr_413,Minister of Urban Development and Housing,cabinetMinister,Marine Environment Protection Authority,department,AS_DEPARTMENT,2022-07-22
2289-43_tr_414,Minister of Urban Development and Housing,cabinetMinister,National Equipment and Machinery Organization,department,AS_DEPARTMENT,2022-07-22
2289-43_tr_415,Minister of Urban Development and Housing,cabinetMinister,National Housing Development Authority,department,AS_DEPARTMENT,2022-07-22
2289-43_tr_416,Minister of Urban Development and Housing,cabinetMinister,National Physical Planning Department,department,AS_DEPARTMENT,2022-07-22
2289-43_tr_417,Minister of Urban Development and Housing,cabinetMinister,New Villages Development Authority for Plantation Region,department,AS_DEPARTMENT,2022-07-22
2289-43_tr_418,Minister of Urban Development and Housing,cabinetMinister,Ocean View Development (Pvt) Ltd.,department,AS_DEPARTMENT,2022-07-22
2289-43_tr_419,Minister of Urban Development and Housing,cabinetMinister,Plantation Human Development Trust,department,AS_DEPARTMENT,2022-07-22
2289-43_tr_420,Minister of Urban Development and Housing,cabinetMinister,Saumyamoorthi Thondaman Memorial Foundation,department,AS_DEPARTMENT,2022-07-22
2289-43_tr_421,Minister of Urban Development and Housing,cabinetMinister,Sri Lanka Land Development Corporation and its subsidiaries and related institutions,department,AS_DEPARTMENT,2022-07-22
2289-43_tr_422,Minister of Urban Development and Housing,cabinetMinister,State Engineering Corporation,department,AS_DEPARTMENT,2022-07-22
2289-43_tr_423,Minister of Urban Development and Housing,cabinetMinister,Urban Development Authority,department,AS_DEPARTMENT,2022-07-22
2289-43_tr_424,Minister of Urban Development and Housing,cabinetMinister,Urban Settlement Development Authority,department,AS_DEPARTMENT,2022-07-22
2289-43_tr_425,Minister of Water Supply,cabinetMinister,Department of National Community Water Supply,department,AS_DEPARTMENT,2022-07-22
2289-43_tr_426,Minister of Water Supply,cabinetMinister,National Water Supply and Drainage Board,department,AS_DEPARTMENT,2022-07-22
2289-43_tr_427,Minister of Water Supply,cabinetMinister,Water Resources Board,department,AS_DEPARTMENT,2022-07-22
2289-43_tr_428,Minister of Wildlife and Forest Resources Conservation,cabinetMinister,Department of Forest Conservation,department,AS_DEPARTMENT,2022-07-22
2289-43_tr_429,Minister of Wildlife and Forest Resources Conservation,cabinetMinister,Department of National Zoological Gardens,department,AS_DEPARTMENT,2022-07-22
2289-43_tr_430,Minister of Wildlife and Forest Resources Conservation,cabinetMinister,Department of Wildlife Conservation,department,AS_DEPARTMENT,2022-07-22
2289-43_tr_431,Minister of Wildlife and Forest Resources Conservation,cabinetMinister,State Timber Corporation,department,AS_DEPARTMENT,2022-07-22
2289-43_tr_432,"Minister of Women, Child Affairs and Social Empowerment",cabinetMinister,Department of Probation and Childcare Services,department,AS_DEPARTMENT,2022-07-22
2289-43_tr_433,"Minister of Women, Child Affairs and Social Empowerment",cabinetMinister,Department of Samurdhi Development,department,AS_DEPARTMENT,2022-07-22
2289-43_tr_434,"Minister of Women, Child Affairs and Social Empowerment",cabinetMinister,Department of Social Services,department,AS_DEPARTMENT,2022-07-22
2289-43_tr_435,"Minister of Women, Child Affairs and Social Empowerment",cabinetMinister,Kidney Fund,department,AS_DEPARTMENT,2022-07-22
2289-43_tr_436,"Minister of Women, Child Affairs and Social Empowerment",cabinetMinister,National Child Protection Authority,department,AS_DEPARTMENT,2022-07-22
2289-43_tr_437,"Minister of Women, Child Affairs and Social Empowerment",cabinetMinister,National Committee on Women,department,AS_DEPARTMENT,2022-07-22
2289-43_tr_438,"Minister of Women, Child Affairs and Social Empowerment",cabinetMinister,National Council for Elders and National Secretariat for Elders,department,AS_DEPARTMENT,2022-07-22
2289-43_tr_439,"Minister of Women, Child Affairs and Social Empowerment",cabinetMinister,National Council for Persons with Disabilities,department,AS_DEPARTMENT,2022-07-22
2289-43_tr_440,"Minister of Women, Child Affairs and Social Empowerment",cabinetMinister,National Institute of Social Development,department,AS_DEPARTMENT,2022-07-22
2289-43_tr_441,"Minister of Women, Child Affairs and Social Empowerment",cabinetMinister,National Secretariat for Early Childhood Development,department,AS_DEPARTMENT,2022-07-22
2289-43_tr_442,"Minister of Women, Child Affairs and Social Empowerment",cabinetMinister,National Secretariat for Persons with Disabilities,department,AS_DEPARTMENT,2022-07-22
2289-43_tr_443,"Minister of Women, Child Affairs and Social Empowerment",cabinetMinister,Rural Development Training and Research Institute,department,AS_DEPARTMENT,2022-07-22
2289-43_tr_444,"Minister of Women, Child Affairs and Social Empowerment",cabinetMinister,Saubhagya Development Bureau,department,AS_DEPARTMENT,2022-07-22
2289-43_tr_445,"Minister of Women, Child Affairs and Social Empowerment",cabinetMinister,Social Security Board,department,AS_DEPARTMENT,2022-07-22
2289-43_tr_446,"Minister of Women, Child Affairs and Social Empowerment",cabinetMinister,Sri Lanka Women's Bureau,department,AS_DEPARTMENT,2022-07-22
2289-43_tr_447,Ranil Wickremesinghe,citizen,Minister of Agriculture,cabinetMinister,AS_MINISTER,2022-07-22
2289-43_tr_448,Ranil Wickremesinghe,citizen,"Minister of Buddha Sasana, Religious and Cultural Affairs",cabinetMinister,AS_MINISTER,2022-07-22
2289-43_tr_449,Ranil Wickremesinghe,citizen,Minister of Defence,cabinetMinister,AS_MINISTER,2022-07-22
2289-43_tr_450,Ranil Wickremesinghe,citizen,Minister of Education,cabinetMinister,AS_MINISTER,2022-07-22
2289-43_tr_451,Ranil Wickremesinghe,citizen,Minister of Environment,cabinetMinister,AS_MINISTER,2022-07-22
2289-43_tr_452,Ranil Wickremesinghe,citizen,"Minister of Finance, Economic Stabilization and National Policies",cabinetMinister,AS_MINISTER,2022-07-22
2289-43_tr_453,Ranil Wickremesinghe,citizen,Minister of Fisheries,cabinetMinister,AS_MINISTER,2022-07-22
2289-43_tr_454,Ranil Wickremesinghe,citizen,Minister of Foreign Affairs,cabinetMinister,AS_MINISTER,2022-07-22
2289-43_tr_455,Ranil Wickremesinghe,citizen,Minister of Health,cabinetMinister,AS_MINISTER,2022-07-22
2289-43_tr_456,Ranil Wickremesinghe,citizen,Minister of Industries,cabinetMinister,AS_MINISTER,2022-07-22
2289-43_tr_457,Ranil Wickremesinghe,citizen,Minister of Investment Promotion,cabinetMinister,AS_MINISTER,2022-07-22
2289-43_tr_458,Ranil Wickremesinghe,citizen,Minister of Irrigation,cabinetMinister,AS_MINISTER,2022-07-22
2289-43_tr_459,Ranil Wickremesinghe,citizen,"Minister of Justice, Prisons Affairs and Constitutional Reforms",cabinetMinister,AS_MINISTER,2022-07-22
2289-43_tr_460,Ranil Wickremesinghe,citizen,Minister of Labour and Foreign Employment,cabinetMinister,AS_MINISTER,2022-07-22
2289-43_tr_461,Ranil Wickremesinghe,citizen,Minister of Mass Media,cabinetMinister,AS_MINISTER,2022-07-22
2289-43_tr_462,Ranil Wickremesinghe,citizen,Minister of Plantation Industries,cabinetMinister,AS_MINISTER,2022-07-22
2289-43_tr_463,Ranil Wickremesinghe,citizen,"Minister of Ports, Shipping and Aviation",cabinetMinister,AS_MINISTER,2022-07-22
2289-43_tr_464,Ranil Wickremesinghe,citizen,Minister of Power & Energy,cabinetMinister,AS_MINISTER,2022-07-22
2289-43_tr_465,Ranil Wickremesinghe,citizen,"Minister of Public Administration, Home Affairs, Provincial Councils & Local Government",cabinetMinister,AS_MINISTER,2022-07-22
2289-43_tr_466,Ranil Wickremesinghe,citizen,Minister of Public Security,cabinetMinister,AS_MINISTER,2022-07-22
2289-43_tr_467,Ranil Wickremesinghe,citizen,Minister of Sports and Youth Affairs,cabinetMinister,AS_MINISTER,2022-07-22
2289-43_tr_468,Ranil Wickremesinghe,citizen,Minister of Tourism and Lands,cabinetMinister,AS_MINISTER,2022-07-22
2289-43_tr_469,Ranil Wickremesinghe,citizen,"Minister of Trade, Commerce and Food Security",cabinetMinister,AS_MINISTER,2022-07-22
2289-43_tr_470,Ranil Wickremesinghe,citizen,Minister of Transport and Highways,cabinetMinister,AS_MINISTER,2022-07-22
2289-43_tr_471,Ranil Wickremesinghe,citizen,Minister of Urban Development and Housing,cabinetMinister,AS_MINISTER,2022-07-22
2289-43_tr_472,Ranil Wickremesinghe,citizen,Minister of Water Supply,cabinetMinister,AS_MINISTER,2022-07-22
2289-43_tr_473,Ranil Wickremesinghe,citizen,Minister of Wildlife and Forest Resources Conservation,cabinetMinister,AS_MINISTER,2022-07-22
2289-43_tr_474,Ranil Wickremesinghe,citizen,"Minister of Women, Child Affairs and Social Empowerment",cabinetMinister,AS_MINISTER,2022-07-22
2289-43_tr_475,Ranil Wickremesinghe,citizen,Minister of Technology,cabinetMinister,AS_MINISTER,2022-07-22
2289-43_tr_476,Ranil Wickremesinghe,citizen,State Minister of Highways,stateMinister,AS_MINISTER,2022-07-22
